,position,posted,location,link
0,"Postdoctoral and Research Scientist Positions for PSD, Recon, and MR Technology Development",05-May-2023,"University of Wisconsin, Madison, WI, United States",https://www.ismrm.org/jobs/j08237.pdf
1,Postdoctoral Researcher in Diffusion MRI,04-May-2023,"Institute of Engineering in Medicine, La Jolla, CA, United States",https://www.ismrm.org/jobs/j08236.pdf
2,Postdoctoral Fellow: Brain Imaging,04-May-2023,"Donders Centre for Cognitive Neuroimaging, Nijmegen, Netherlands",https://www.ismrm.org/jobs/j08235.pdf
3,Postdoctoral Position or Research Scientist,04-May-2023,"University of Texas Southwestern Medical Center, Dallas, TX, United States",https://www.ismrm.org/jobs/j08234.pdf
4,Postdoc Position Available,02-May-2023,"Department of Radiology and Biomedical Imaging, University of California San Francisco, San Francisco, CA, United States",https://www.ismrm.org/jobs/j08231.pdf
5,Postdoctoral Positions in Quantitative MRI and Machine Learning,02-May-2023,"Neurology and MR Core, Wayne State University, Detroit, MI, United States",https://www.ismrm.org/jobs/j08230.pdf
6,Postdoctoral Fellowships in Magnetic Resonance Spectroscopy,02-May-2023,"Johns Hopkins University School of Medicine, Baltimore, MD, United States",https://www.ismrm.org/jobs/j08229.pdf
7,Postdoctoral Research Fellow/Associate in MRI Research,21-April-2023,"Department of Medical Physics Memorial Sloan Kettering Cancer Center, New York, NY, United States",https://www.ismrm.org/jobs/j08226.pdf
8,MRI Research Position in Structural and Functional Neuroimaging,18-April-2023,"Cleveland Clinic Lou Ruvo Center for Brain Health, Las Vegas, NV, United States",https://www.ismrm.org/jobs/j08222.pdf
9,Postdoctoral Researcher in Ultra-High Field MRI,17-April-2023,"CIBM Center for Biomedical Imaging, Geneva, Switzerland",https://www.ismrm.org/jobs/j08219.pdf
10,Women’s Imaging Postdoctoral Research Fellow,14-April-2023,"University of California, San Diego, La Jolla, CA, United States",https://www.ismrm.org/jobs/j08218.pdf
11,Post Doctoral Fellow,13-April-2023,"Emory University – Department of Radiology & Imaging Sciences, Atlanta, GA, United States",https://www.ismrm.org/jobs/j08217.pdf
12,Preclinical MRI Scientist,13-April-2023,"Minerva Imaging, Ølstykke (Copenhagen region), Denmark",https://www.ismrm.org/jobs/j08216.pdf
13,Postdoc: Sequence Development on Siemens Scanners for Clinical Research,13-April-2023,"Juchem lab, Columbia University, New York, NY, United States",https://www.ismrm.org/jobs/j08214.pdf
14,Postdoctoral Positions in MRI Gradient Modeling and Prototyping,13-April-2023,"Massachusetts General Hospital/A. A. Martinos Center for Biomedical Imaging, Charlestown, MA, United States",https://www.ismrm.org/jobs/j08213.pdf
15,Postdoctoral Fellow in Multi-Modal Neuroimaging and Imaging Neurofluid Dynamics,10-April-2023,"Indiana University, School of Medicine, Indianapolis, IN, United States",https://www.ismrm.org/jobs/j08212.pdf
16,Postdoctoral Research Fellow,10-April-2023,"The Hospital for Sick Children, Toronto, ON, Canada",https://www.ismrm.org/jobs/j08211.pdf
17,"Chair, Department of Radiology",10-April-2023,"The University of Wisconsin School of Medicine & Public Health, Madison, WI, United States",https://www.ismrm.org/jobs/j08209.pdf
18,Magnetic Resonance Scientist,04-April-2023,"University of Kansas Medical Center/Hoglund Biomedical Imaging Center, Kansas City, KS, United States",https://www.ismrm.org/jobs/j08208.pdf
19,MR Physicist,04-April-2023,"Nottingham Trent University, Nottingham, United Kingdom",https://www.ismrm.org/jobs/j08206.pdf
20,Post-Doctoral Fellow,04-April-2023,"CAMH, Toronto, ON, Canada",https://www.ismrm.org/jobs/j08205.pdf
21,RF and Shim Coil Development at 7T,03-April-2023,"Polytechnique Montreal, University of Montreal, Montreal, QC, Canada",https://www.ismrm.org/jobs/j08204.pdf
22,Postdoctoral Fellow,03-April-2023,"Ruijin Hospital, Shanghai, China",https://www.ismrm.org/jobs/j08203.pdf
23,Research Lab Specialist Inter,31-March-2023,"University of Michigan, Ann Arbor, MI, United States",https://www.ismrm.org/jobs/j08202.pdf
24,Postdoc Fellow or Staff Scientist,31-March-2023,"Vanderbilt University Medical Center, Nashville, TN, United States",https://www.ismrm.org/jobs/j08200.pdf
25,Postdoctoral Research Fellow,28-March-2023,"Weill Cornell Medicine, New York, NY, United States",https://www.ismrm.org/jobs/j08199.pdf
26,Postdoctoral Position in Quantitative Deep Learning Augmented Microstructural Neuroimaging,27-March-2023,"Mallinckrodt Institute of Radiology, Washington University School of Medicine, St. Louis, MO, United States",https://www.ismrm.org/jobs/j08197.pdf
27,Postdoctoral Position in MR Electrical Property Tomography & Biophysical Modeling,27-March-2023,"ICube Laboratory, Strasbourg, France",https://www.ismrm.org/jobs/j08196.pdf
28,Post-Doctoral Position in MRI Prostate Cancer,21-March-2023,"Mayo Clinic, Rochester, MN, United States",https://www.ismrm.org/jobs/j08195.pdf
29,Postdoctoral Position in Translational Neuroimaging,13-March-2023,"Barrow Neurological Institute, Phoenix, AZ, United States",https://www.ismrm.org/jobs/j08188.pdf
30,Postdoctoral Research Position in MR Physics at 11.7T,13-March-2023,"NeuroSpin- CEA, Gif sur Yvette, France",https://www.ismrm.org/jobs/j08187.pdf
31,Postdoctoral Position in Imaging Brain and Cerebrospinal Fluid Dynamics,10-March-2023,"MIT and Martinos Center for Biomedical Imaging, Massachusetts General Hospital, Cambridge, MA, United States",https://www.ismrm.org/jobs/j08184.pdf
32,Postdoctoral Research Fellows – Ultra-High Field Human MRI,09-March-2023,"Athinoula A. Martinos Center for Biomedical Imaging, MGH/Harvard Medical, Charlestown, MA, United States",https://www.ismrm.org/jobs/j08183.pdf
33,Postdoctoral Position in Deep Learning for Medical Image Analysis,09-March-2023,"Harvard Medical School, Massachusetts General Hospital, Charlestown, MA, United States",https://www.ismrm.org/jobs/j08182.pdf
34,MRI Method Developments for Cardiac and Lung Imaging,01-March-2023,"Harvard Medical School, Boston, MA, United States",https://www.ismrm.org/jobs/j08180.pdf
35,Postdoctoral Fellow in Neuroimaging,01-March-2023,"Martinos Center (Massachusetts General Hospital) and McLean Imaging Center (McLean Hospital), Harvard Medical School, Belmont, MA, United States",https://www.ismrm.org/jobs/j08179.pdf
36,Multiple Postdoctoral Positions,01-March-2023,"Northwestern University, Chicago, IL, United States",https://www.ismrm.org/jobs/j08178.pdf
37,Postdoctoral Associate Positions in Neuroimaging,28-February-2023,"Weill Cornell Medical College, New York, NY, United States",https://www.ismrm.org/jobs/j08176.pdf
38,Post-Doctoral Research Associate in MRI Neuroimaging for Brain Radiation Therapy,23-February-2023,"Washington University School of Medicine, Saint Louis, MO, United States",https://www.ismrm.org/jobs/j08173.pdf
39,Postdoctoral Researcher in Neuroimaging,09-February-2023,"Department of Radiological Sciences, University of California, Los Angeles, Los Angeles, CA, United States",https://www.ismrm.org/jobs/j08165.pdf
40,Post-Doctoral Fellowship in Advanced MR Reconstruction,09-February-2023,"Harvard Medical School, Somerville, MA, United States",https://www.ismrm.org/jobs/j08164.pdf
